kode,titel
BOG001,Bogtitel nummer 1
BOG002,Bogtitel nummer 2
BOG003,Bogtitel nummer 3
BOG004,Bogtitel nummer 4
BOG005,Bogtitel nummer 5
BOG006,Bogtitel nummer 6
BOG007,Bogtitel nummer 7
BOG008,Bogtitel nummer 8
BOG009,Bogtitel nummer 9
BOG010,Bogtitel nummer 10
BOG011,Bogtitel nummer 11
BOG012,Bogtitel nummer 12
BOG013,Bogtitel nummer 13
BOG014,Bogtitel nummer 14
BOG015,Bogtitel nummer 15
BOG016,Bogtitel nummer 16
BOG017,Bogtitel nummer 17
BOG018,Bogtitel nummer 18
BOG019,Bogtitel nummer 19
BOG020,Bogtitel nummer 20
BOG021,Bogtitel nummer 21
BOG022,Bogtitel nummer 22
BOG023,Bogtitel nummer 23
BOG024,Bogtitel nummer 24
BOG025,Bogtitel nummer 25
BOG026,Bogtitel nummer 26
BOG027,Bogtitel nummer 27
BOG028,Bogtitel nummer 28
BOG029,Bogtitel nummer 29
BOG030,Bogtitel nummer 30
BOG031,Bogtitel nummer 31
BOG032,Bogtitel nummer 32
BOG033,Bogtitel nummer 33
BOG034,Bogtitel nummer 34
BOG035,Bogtitel nummer 35
BOG036,Bogtitel nummer 36
BOG037,Bogtitel nummer 37
BOG038,Bogtitel nummer 38
BOG039,Bogtitel nummer 39
BOG040,Bogtitel nummer 40
BOG041,Bogtitel nummer 41
BOG042,Bogtitel nummer 42
BOG043,Bogtitel nummer 43
BOG044,Bogtitel nummer 44
BOG045,Bogtitel nummer 45
BOG046,Bogtitel nummer 46
BOG047,Bogtitel nummer 47
BOG048,Bogtitel nummer 48
BOG049,Bogtitel nummer 49
BOG050,Bogtitel nummer 50
BOG051,Bogtitel nummer 51
BOG052,Bogtitel nummer 52
BOG053,Bogtitel nummer 53
BOG054,Bogtitel nummer 54
BOG055,Bogtitel nummer 55
BOG056,Bogtitel nummer 56
BOG057,Bogtitel nummer 57
BOG058,Bogtitel nummer 58
BOG059,Bogtitel nummer 59
BOG060,Bogtitel nummer 60
BOG061,Bogtitel nummer 61
BOG062,Bogtitel nummer 62
BOG063,Bogtitel nummer 63
BOG064,Bogtitel nummer 64
BOG065,Bogtitel nummer 65
BOG066,Bogtitel nummer 66
BOG067,Bogtitel nummer 67
BOG068,Bogtitel nummer 68
BOG069,Bogtitel nummer 69
BOG070,Bogtitel nummer 70
BOG071,Bogtitel nummer 71
BOG072,Bogtitel nummer 72
BOG073,Bogtitel nummer 73
BOG074,Bogtitel nummer 74
BOG075,Bogtitel nummer 75
BOG076,Bogtitel nummer 76
BOG077,Bogtitel nummer 77
BOG078,Bogtitel nummer 78
BOG079,Bogtitel nummer 79
BOG080,Bogtitel nummer 80
BOG081,Bogtitel nummer 81
BOG082,Bogtitel nummer 82
BOG083,Bogtitel nummer 83
BOG084,Bogtitel nummer 84
BOG085,Bogtitel nummer 85
BOG086,Bogtitel nummer 86
BOG087,Bogtitel nummer 87
BOG088,Bogtitel nummer 88
BOG089,Bogtitel nummer 89
BOG090,Bogtitel nummer 90
BOG091,Bogtitel nummer 91
BOG092,Bogtitel nummer 92
BOG093,Bogtitel nummer 93
BOG094,Bogtitel nummer 94
BOG095,Bogtitel nummer 95
BOG096,Bogtitel nummer 96
BOG097,Bogtitel nummer 97
BOG098,Bogtitel nummer 98
BOG099,Bogtitel nummer 99
BOG100,Bogtitel nummer 100